City,Cloudiness,Country,Humidity,Lat,Lon,Temp,Wind Speed,Latitude Random,Longitude Random,Lat Diff,Lon Diff
Sioux Lookout,40.0,CA,48.0,50.1,-91.92,60.8,9.17,56.31370809215255,-90.93830267002588,6.213708092152551,0.981697329974125
Arraial do Cabo,100.0,BR,97.0,-22.97,-42.02,71.01,8.38,-34.08339571980313,-36.43007282765521,-11.11339571980313,5.589927172344794
Mar del Plata,46.0,AR,44.0,-46.43,-67.52,52.3,24.7,-50.476491780360355,-46.79245470305608,-4.0464917803603555,20.727545296943916
Assiniboia,100.0,CA,93.0,49.63,-105.99,32.23,13.28,49.00742699248633,-106.60822607255182,-0.6225730075136724,-0.6182260725518205
Tamandare,10.0,BR,74.0,-8.28,-70.75,74.25,1.81,-8.8410160044712,-33.74382257602329,-0.5610160044712007,37.00617742397671
Rikitea,100.0,PF,82.0,-23.12,-134.97,67.35,12.89,-22.109280244145353,-139.98352447369203,1.0107197558546481,-5.01352447369203
Lakes Entrance,19.0,AU,53.0,-37.88,147.99,58.87,1.99,-39.8687109307476,151.78957851465339,-1.988710930747601,3.7995785146533763
Didwana,0.0,IN,30.0,27.4,74.58,80.81,4.97,27.280289478494495,74.50074835170929,-0.11971052150550321,-0.07925164829070752
Mbaiki,100.0,CF,98.0,3.87,17.99,68.84,1.99,3.438084458031028,17.536387465088467,-0.43191554196897197,-0.45361253491153164
Avarua,100.0,CK,60.0,-21.21,-159.78,73.4,11.41,-65.41853626617116,-164.64873968005188,-44.20853626617116,-4.868739680051874
Slave Lake,75.0,CA,63.0,55.28,-114.77,30.2,10.29,55.98547903365176,-114.27336423792613,0.7054790336517556,0.49663576207386484
Longyearbyen,75.0,SJ,86.0,78.22,15.64,33.8,5.82,78.32363424230763,15.248024001703072,0.10363424230763485,-0.3919759982969282
Severo-Kurilsk,100.0,RU,89.0,50.68,156.12,46.15,44.69,31.006874597343156,165.68760146232978,-19.673125402656844,9.567601462329776
Khatanga,79.0,RU,90.0,71.98,102.47,18.43,3.65,74.78840544959345,101.44036135411261,2.808405449593451,-1.0296386458873883
Barrow,1.0,US,58.0,39.51,-90.4,56.84,4.7,89.12173228237569,-151.21172640744408,49.61173228237569,-60.81172640744407
Hilo,1.0,US,52.0,19.71,-155.08,76.05,11.41,11.343244909117615,-156.26791737332766,-8.366755090882386,-1.1879173733276502
Cabo San Lucas,5.0,MX,58.0,22.89,-109.91,83.3,4.7,9.858636690645184,-121.11062312798666,-13.031363309354816,-11.20062312798666
Ushuaia,75.0,AR,80.0,-54.81,-68.31,39.2,34.45,-83.9210636865376,-28.727200011466806,-29.11106368653759,39.582799988533196
Dikson,94.0,RU,86.0,73.51,80.55,21.72,13.62,83.3840278189418,89.76455972688501,9.874027818941798,9.214559726885014
Bredasdorp,97.0,ZA,66.0,-34.53,20.04,55.18,9.17,-83.64106020894906,24.531182430137875,-49.111060208949056,4.491182430137876
Bosaso,0.0,SO,72.0,11.28,49.18,83.71,12.24,10.706771689672038,48.148992422086906,-0.573228310327961,-1.031007577913094
Sao Filipe,18.0,CV,84.0,14.9,-24.5,77.14,13.6,11.437651859472084,-30.617173013001377,-3.462348140527917,-6.117173013001377
Souillac,75.0,MU,88.0,-20.52,57.52,69.37,11.41,-21.23809020111362,58.00810556272768,-0.7180902011136219,0.48810556272767514
Port Alfred,21.0,ZA,93.0,-33.59,26.89,61.0,3.0,-88.36141084450794,42.57682727540157,-54.77141084450794,15.68682727540157
Carutapera,53.0,BR,76.0,-1.2,-46.02,78.94,8.7,10.178770335059,-40.78542379779702,11.378770335058999,5.23457620220298
Constitucion,100.0,CL,45.0,-35.33,-72.42,56.73,6.8,-33.988122384426916,-73.48689124716012,1.3418776155730825,-1.0668912471601146
Cascais,0.0,PT,72.0,38.7,-9.42,62.4,8.05,37.00287349194042,-13.620949938058118,-1.6971265080595828,-4.200949938058118
Santa Maria,40.0,CV,83.0,16.6,-22.9,77.0,11.41,18.34024578383034,-23.241868892724227,1.7402457838303391,-0.3418688927242286
Albany,0.0,AU,72.0,-35.02,117.88,64.4,4.07,-87.10355411319735,110.26675649199257,-52.083554113197344,-7.613243508007429
Rabo de Peixe,75.0,PT,68.0,37.8,-25.58,68.02,3.36,43.33689384922661,-23.091422786479967,5.536893849226615,2.4885772135200313
Bluff,100.0,NZ,97.0,-46.6,168.33,51.01,4.0,-67.87423648296405,161.5217764310944,-21.27423648296405,-6.808223568905618
Port Elizabeth,75.0,ZA,87.0,-33.92,25.57,59.0,4.7,-83.45557684912671,34.89627687370904,-49.53557684912671,9.326276873709041
Geraldton,20.0,AU,64.0,-28.77,114.6,73.4,8.05,-33.42718472835959,92.49832065555455,-4.657184728359592,-22.101679344445444
Kahului,40.0,US,52.0,20.89,-156.47,81.3,23.04,32.96777065226085,-150.92521139754828,12.077770652260853,5.5447886024517175
Busselton,100.0,AU,40.0,-33.64,115.35,68.92,9.22,-57.61056083186998,93.05728835110153,-23.97056083186998,-22.29271164889846
Pangai,40.0,TO,74.0,-19.8,-174.35,80.6,11.41,-20.78390716419085,-172.6212371729639,-0.9839071641908497,1.7287628270360926
Bambous Virieux,75.0,MU,88.0,-20.34,57.76,68.88,11.41,-25.480863946102318,65.49174061841913,-5.140863946102318,7.731740618419131
New Norfolk,75.0,AU,54.0,-42.78,147.06,57.09,10.29,-51.40991739934785,138.6775015257523,-8.629917399347846,-8.382498474247711
Adrar,0.0,DZ,30.0,27.87,-0.29,68.0,11.41,26.666279773461525,4.876964329018165,-1.2037202265384757,5.166964329018165
Castro,90.0,CL,93.0,-42.48,-73.76,46.4,5.82,-47.13872721624612,-108.45949406880757,-4.65872721624612,-34.69949406880757
Pangnirtung,100.0,CA,90.0,66.15,-65.72,33.22,2.0,64.22036751825667,-63.806791829406706,-1.9296324817433401,1.9132081705932933
Cacapava do Sul,19.0,BR,95.0,-30.51,-53.49,58.66,3.85,-30.89344162600785,-53.75805281490551,-0.3834416260078477,-0.26805281490550925
Bubaque,100.0,GW,73.0,11.28,-15.83,80.31,6.2,7.185282916779428,-18.804868797833365,-4.094717083220571,-2.9748687978333646
Hobart,75.0,AU,54.0,-42.88,147.33,56.89,10.29,-45.44986878489964,151.83465629951604,-2.56986878489964,4.504656299516029
Barcelona,100.0,PH,72.0,12.87,124.14,83.08,6.76,8.640722139314988,128.55034896691132,-4.229277860685011,4.4103489669113145
Tuatapere,100.0,NZ,97.0,-46.13,167.69,51.01,4.0,-48.02906685213725,160.31726988230452,-1.8990668521372456,-7.3727301176954825
Jamestown,100.0,SH,82.0,-15.94,-5.72,65.32,23.15,-38.8059454052863,-7.193837345354041,-22.865945405286304,-1.473837345354041
Bethel,40.0,US,61.0,60.79,-161.76,49.01,16.11,64.81024895690192,-158.2772501765315,4.020248956901916,3.482749823468481
Leningradskiy,100.0,RU,79.0,69.38,178.42,33.48,24.13,68.539441692244,177.67398003163356,-0.8405583077559982,-0.7460199683664257
Lewiston,1.0,US,93.0,44.1,-70.21,48.0,4.7,46.00271253169649,-116.92854728836977,1.902712531696487,-46.71854728836978
Waingapu,44.0,ID,43.0,-9.65,120.26,86.74,14.79,-13.454369828227854,118.91753194750726,-3.8043698282278537,-1.3424680524927481
Yellowknife,75.0,CA,86.0,62.45,-114.38,30.07,13.87,88.92740243424188,-101.1167294227468,26.47740243424188,13.263270577253195
Kaitangata,100.0,NZ,92.0,-46.28,169.85,50.0,10.0,-82.54368674520293,177.72369370450173,-36.26368674520293,7.873693704501733
Vaini,75.0,TO,69.0,-21.2,-175.2,80.6,12.75,-64.86166674268549,-179.49915485167287,-43.66166674268548,-4.299154851672881
Hovd,0.0,MN,22.0,48.01,91.64,50.95,3.56,42.09900586936928,102.3358779248648,-5.910994130630719,10.695877924864803
Hithadhoo,89.0,MV,71.0,-0.6,73.08,82.15,4.65,-12.98318976341588,81.6030077345265,-12.38318976341588,8.523007734526502
Narsaq,100.0,GL,80.0,60.91,-46.05,39.2,2.24,84.0195387228112,-64.01283914673084,23.10953872281121,-17.962839146730843
Carnarvon,0.0,AU,83.0,-24.87,113.63,71.6,14.99,-28.171392486803057,98.10184897844522,-3.3013924868030564,-15.528151021554777
Jumla,0.0,NP,63.0,29.28,82.18,54.68,1.83,31.717619518053795,82.59459637676923,2.4376195180537934,0.4145963767692251
Koslan,100.0,RU,86.0,63.46,48.9,33.35,13.94,65.5951440873379,49.40895541604755,2.135144087337899,0.5089554160475487
Georgetown,100.0,SH,82.0,-7.93,-14.42,72.7,19.51,-8.1344348890768,-9.441191229929359,-0.20443488907680063,4.978808770070641
Hasaki,20.0,JP,49.0,35.73,140.83,72.46,8.05,30.5963424679733,152.44967277665154,-5.133657532026696,11.619672776651527
Northam,0.0,AU,64.0,-31.65,116.67,69.8,11.41,-31.98859698440608,116.96599396818903,-0.338596984406081,0.29599396818902335
Tanete,0.0,ID,35.0,-3.94,119.78,94.08,10.01,-6.033060881520498,120.21171637688292,-2.0930608815204983,0.43171637688291753
Puerto Ayora,9.0,EC,93.0,-0.74,-90.35,66.0,4.0,-7.687562039478976,-97.41696251431492,-6.947562039478976,-7.066962514314923
Tiksi,100.0,RU,88.0,71.64,128.87,25.23,12.64,88.51560202004774,130.20530806927587,16.875602020047737,1.335308069275868
Coahuayana,97.0,MX,91.0,18.62,-100.35,73.18,2.63,10.592661551844245,-108.28977542951539,-8.027338448155756,-7.939775429515393
Kuala Terengganu,75.0,MY,88.0,5.33,103.14,80.22,4.7,6.475638193424544,105.389985762518,1.1456381934245439,2.249985762517994
Plettenberg Bay,100.0,ZA,90.0,-34.05,23.37,56.89,8.77,-43.12598061744693,22.994081081393034,-9.07598061744693,-0.3759189186069669
Lobito,97.0,AO,90.0,-12.35,13.55,70.91,4.0,-11.973276732249559,13.687062359781748,0.3767232677504406,0.13706235978174774
Klaksvik,67.0,FO,93.0,62.23,-6.59,50.0,14.99,68.17114192671943,-5.389502943666855,5.941141926719432,1.2004970563331447
Sergeyevka,99.0,KZ,68.0,53.88,67.42,52.1,6.31,53.13280371280615,67.87768345712828,-0.7471962871938516,0.45768345712828307
Adrian,1.0,US,93.0,41.9,-84.04,51.51,5.71,42.133742293963934,-84.09447081632648,0.2337422939639353,-0.05447081632647155
Cap-aux-Meules,40.0,CA,81.0,47.38,-61.86,46.4,5.82,47.40958616548073,-61.384548026976375,0.029586165480729676,0.47545197302362396
Ostrovnoy,64.0,RU,99.0,68.05,39.51,33.35,8.26,70.82233974647724,42.66346862972651,2.7723397464772432,3.153468629726511
Bodden Town,20.0,KY,89.0,19.28,-81.25,84.11,4.7,17.31657897644044,-80.28803675905297,-1.9634210235595617,0.9619632409470285
Guaira,87.0,BR,66.0,-24.09,-54.26,66.76,3.22,-24.173472911227734,-54.24128808073901,-0.0834729112277337,0.01871191926098703
Phayao,12.0,TH,65.0,19.17,99.9,79.95,2.55,19.365491562351792,99.75908557263995,0.19549156235179055,-0.14091442736005888
Morrope,75.0,PE,82.0,-6.54,-80.02,62.6,18.34,-6.410849931872974,-80.80885640846056,0.1291500681270259,-0.7888564084605605
Nemuro,40.0,JP,59.0,43.32,145.57,60.8,24.16,41.93482941856212,146.44799297106448,-1.3851705814378832,0.8779929710644865
Portland,0.0,AU,34.0,-33.35,149.98,59.45,6.64,-45.425989248050804,137.87242927285655,-12.075989248050803,-12.10757072714344
Gannan,0.0,CN,34.0,47.92,123.49,64.87,16.67,48.24932934531711,123.853615247596,0.329329345317106,0.3636152475960017
Pangkalanbuun,3.0,ID,60.0,-2.68,111.62,87.94,4.36,-3.023873918911903,112.28698509378358,-0.3438739189119029,0.6669850937835804
Sibu,75.0,MY,88.0,2.29,111.83,78.31,4.7,3.3630003355197857,110.47846920866556,1.0730003355197857,-1.35153079133444
Nouadhibou,0.0,MR,61.0,20.93,-17.03,77.0,12.75,24.341899625406185,-16.735359170398596,3.4118996254061855,0.2946408296014056
Te Anau,100.0,NZ,97.0,-45.41,167.72,47.12,2.2,-40.390594966147745,164.56417866151088,5.019405033852252,-3.155821338489119
Challans,75.0,FR,93.0,46.85,-1.88,55.44,8.05,46.16283949065087,-2.7358084921210093,-0.687160509349134,-0.8558084921210094
Atuona,11.0,PF,70.0,-9.8,-139.03,79.48,9.61,6.8159651924834606,-130.76326325166735,16.61596519248346,8.266736748332647
Ancud,90.0,CL,93.0,-41.87,-73.83,46.4,5.82,-42.667133154493634,-102.37412453554828,-0.7971331544936362,-28.544124535548278
Manzhouli,81.0,CN,59.0,49.6,117.43,52.21,21.43,48.71401170454649,118.16482238222926,-0.8859882954535081,0.7348223822292539
Faanui,81.0,PF,85.0,-16.48,-151.75,76.66,24.23,-3.4235752886247752,-155.5369781110199,13.056424711375225,-3.7869781110198915
Nikolskoye,90.0,RU,86.0,59.7,30.79,41.02,4.47,56.193441597448725,168.00632282822994,-3.5065584025512777,137.21632282822995
Cape Town,75.0,ZA,87.0,-33.93,18.42,56.77,21.41,-50.76517191021658,-2.467940807640531,-16.83517191021658,-20.887940807640533
College,90.0,US,100.0,64.86,-147.8,34.41,5.82,68.20785714492882,-148.65656865523587,3.347857144928824,-0.8565686552358613
Shu,94.0,KZ,57.0,43.6,73.76,60.55,1.37,44.54588097225766,74.19403055686487,0.9458809722576618,0.4340305568648688
Campbellton,0.0,CA,95.0,48.0,-66.68,38.75,3.8,47.937976649125915,-66.5273556381001,-0.06202335087408528,0.1526443618999025
Camaqua,92.0,BR,94.0,-30.85,-51.81,58.96,1.14,-30.938336555970835,-51.61692052480555,-0.08833655597083379,0.1930794751944518
Pitimbu,40.0,BR,83.0,-7.47,-34.81,77.0,8.05,-7.543751503922948,-32.471407373063926,-0.07375150392294838,2.3385926269360766
Mahebourg,75.0,MU,88.0,-20.41,57.7,68.83,11.41,-35.10524332783153,73.17549691721217,-14.69524332783153,15.475496917212169
Tangier,0.0,MA,56.0,35.78,-5.81,69.55,11.41,35.82521054771166,-5.98887306448276,0.045210547711661775,-0.17887306448276075
Monterey,1.0,US,63.0,36.6,-121.89,62.35,3.36,34.97797282746845,-123.00499068880946,-1.6220271725315527,-1.1149906888094563
Coracao de Jesus,0.0,BR,34.0,-16.69,-44.37,78.8,3.36,-16.754586759609865,-44.56112343105511,-0.06458675960986326,-0.19112343105511087
Chiscas,99.0,CO,94.0,6.55,-72.5,58.06,2.24,6.780021939485465,-72.39845796065283,0.23002193948546523,0.10154203934716577
Victoria,20.0,SC,88.0,-4.62,55.45,78.8,5.82,-3.7894459285874973,49.340413089436424,0.8305540714125028,-6.1095869105635785
Kaohsiung,75.0,TW,69.0,22.62,120.31,83.23,8.05,21.413807599332387,118.98992330848074,-1.2061924006676144,-1.3200766915192617
Sciacca,20.0,IT,88.0,37.51,13.08,63.01,4.7,37.47785909489582,13.099276608229133,-0.03214090510417833,0.019276608229132464
Punta Arenas,75.0,CL,70.0,-53.16,-70.91,42.4,13.87,-82.49629789871182,-102.77869432536818,-29.33629789871182,-31.868694325368182
Kapaa,90.0,US,88.0,22.08,-159.32,78.37,14.99,19.084016844528392,-177.9083222812691,-2.995983155471606,-18.588322281269114
Luderitz,0.0,NA,67.0,-26.65,15.16,59.0,20.8,-35.18077975284371,-1.0701049570834869,-8.530779752843713,-16.230104957083487
Hermanus,100.0,ZA,99.0,-34.42,19.24,55.54,1.01,-76.82748121477093,7.5152885919062555,-42.407481214770925,-11.724711408093743
Beloha,0.0,MG,58.0,-25.17,45.06,73.69,5.09,-28.044566307517947,41.02436828447992,-2.874566307517945,-4.035631715520083
Egvekinot,88.0,RU,93.0,66.32,-179.17,27.12,10.92,58.12638008958632,-178.7696926079306,-8.193619910413673,0.4003073920693794
Santa Cruz,20.0,CR,100.0,10.26,-85.58,73.4,3.36,5.887971834633547,-89.26276106759883,-4.372028165366453,-3.6827610675988325
Kruisfontein,89.0,ZA,83.0,-34.0,24.73,58.14,18.61,-49.55471345738839,24.9563835771109,-15.554713457388388,0.22638357711089796
Port Hardy,20.0,CA,53.0,50.7,-127.42,50.0,11.41,50.40224857740381,-128.06940385032883,-0.2977514225961926,-0.6494038503288238
Acari,53.0,PE,88.0,-15.44,-74.62,58.03,8.99,-19.07210091255378,-76.44058286574048,-3.6321009125537795,-1.8205828657404766
Daulatpur,0.0,PK,83.0,26.5,67.97,69.8,2.04,26.343466157126542,68.12625839594943,-0.15653384287345773,0.15625839594943614
Ponta do Sol,20.0,CV,74.0,17.2,-25.09,78.8,17.22,21.12366009897697,-31.330616187718903,3.9236600989769705,-6.240616187718903
Vung Tau,47.0,VN,62.0,10.35,107.08,87.08,2.68,7.783583124471619,108.98460553177375,-2.5664168755283807,1.904605531773754
Aransas Pass,20.0,US,88.0,27.91,-97.15,79.54,11.41,27.200736908039218,-96.78422085848246,-0.7092630919607821,0.36577914151754953
Mount Isa,23.0,AU,11.0,-20.73,139.49,86.0,12.75,-17.972530164696295,139.77053287668843,2.7574698353037057,0.28053287668842586
Alofi,71.0,NU,65.0,-19.06,-169.92,78.8,13.87,-23.53741422037018,-169.6593377034767,-4.477414220370182,0.260662296523293
Durango,1.0,US,42.0,37.28,-107.88,54.79,3.36,37.13450580221786,-108.09831651831958,-0.145494197782142,-0.21831651831958254
Khandyga,100.0,RU,70.0,62.65,135.58,30.05,12.55,64.59679173337503,137.8418466910597,1.9467917333750293,2.2618466910596737
Lyuban,100.0,BY,84.0,52.8,28.0,42.93,15.59,52.27419582299456,27.96300476583994,-0.5258041770054405,-0.036995234160059454
Adana,0.0,TR,82.0,37.0,35.33,65.8,1.12,37.19998298124163,35.31479805612784,0.19998298124163227,-0.015201943872156676
Lorengau,86.0,PG,69.0,-2.02,147.27,84.67,7.58,6.482164099912424,146.8848585718659,8.502164099912424,-0.3851414281341192
Kikwit,100.0,CD,93.0,-5.04,18.82,70.18,1.12,-6.0377193052326135,19.26588117243017,-0.9977193052326134,0.44588117243016967
Penzance,100.0,GB,76.0,50.12,-5.53,54.14,16.11,49.407471845404075,-6.2981401402326185,-0.7125281545959226,-0.7681401402326182
Sungairaya,96.0,ID,87.0,0.7,108.9,79.16,2.87,0.2415979412335929,107.07286724674981,-0.45840205876640705,-1.827132753250197
Sohag,0.0,EG,29.0,26.55,31.7,77.0,9.17,26.37198261539254,31.57149161358987,-0.17801738460746108,-0.12850838641012885
Husavik,90.0,IS,76.0,66.04,-17.34,48.2,11.41,72.89053923446912,-10.115347098128751,6.85053923446911,7.224652901871249
Guerrero Negro,54.0,MX,70.0,27.97,-114.04,69.96,14.4,16.794706693684162,-131.08608095529664,-11.175293306315837,-17.04608095529663
Gobabis,0.0,NA,16.0,-22.45,18.97,59.0,5.99,-21.798003240795907,19.097006831809324,0.6519967592040921,0.12700683180932515
Innisfail,49.0,AU,12.0,-17.52,146.03,91.99,3.0,-17.76821664984152,147.30260458010298,-0.24821664984152036,1.2726045801029784
Cockburn Town,70.0,TC,80.0,21.46,-71.14,83.35,18.19,24.867090405705625,-69.58549012032852,3.407090405705624,1.5545098796714854
Canon City,1.0,US,11.0,39.46,-117.13,60.8,4.7,38.283375251336196,-105.72681670154098,-1.176624748663805,11.403183298459012
Pryazha,99.0,RU,97.0,61.69,33.62,32.0,4.47,61.65185874060421,33.6033962718771,-0.038141259395786165,-0.016603728122895234
Butaritari,56.0,KI,67.0,3.07,172.79,85.26,11.54,16.77714307323778,172.95440810096153,13.70714307323778,0.16440810096153768
Provideniya,75.0,RU,86.0,64.42,-173.23,41.0,6.71,45.21161388781428,-176.80691128504964,-19.20838611218572,-3.576911285049647
Malkangiri,80.0,IN,81.0,18.35,81.9,79.02,1.24,18.06294830081883,81.62185744527295,-0.2870516991811698,-0.2781425547270544
Bandarbeyla,72.0,SO,87.0,9.49,50.81,78.71,11.79,9.694166796786476,51.98673623071181,0.20416679678647576,1.1767362307118105
Ketchikan,1.0,US,45.0,55.34,-131.65,46.47,16.11,57.21119221298585,-132.33915125904412,1.8711922129858465,-0.6891512590441096
Saint-Philippe,40.0,RE,64.0,-21.36,55.77,66.36,11.41,-44.15095148491864,65.9719170253203,-22.790951484918644,10.201917025320292
Buala,14.0,SB,68.0,-8.15,159.59,84.04,5.12,-4.678199053677687,159.28929261812408,3.471800946322313,-0.30070738187592383
Emerald,0.0,AU,16.0,-23.53,148.16,83.17,16.11,-24.28053051569772,148.31116134528924,-0.7505305156977187,0.15116134528923908
Longkou,100.0,CN,45.0,37.64,120.47,67.15,11.97,37.912075130657044,120.15370126033923,0.2720751306570435,-0.31629873966076616
Jining,100.0,CN,50.0,35.41,116.58,70.0,5.77,41.90663313866574,114.08436571866224,6.496633138665743,-2.4956342813377574
Elko,1.0,US,23.0,40.83,-115.76,60.1,8.05,40.28887156203001,-116.12157029973278,-0.5411284379699879,-0.3615702997327759
Sovetskiy,100.0,RU,95.0,56.76,48.47,33.87,1.99,68.26918624636605,65.24616485115598,11.509186246366049,16.776164851155983
Chokurdakh,0.0,RU,89.0,70.62,147.9,9.23,1.42,73.1389969305624,143.59282413945567,2.5189969305623947,-4.3071758605443335
Lebu,100.0,CL,73.0,-37.62,-73.65,53.4,24.43,-39.013499195732436,-89.75547152946507,-1.3934991957324385,-16.105471529465063
Tuktoyaktuk,75.0,CA,67.0,69.44,-133.03,32.0,9.17,75.77185928322535,-130.2294638034475,6.331859283225356,2.800536196552514
Tautira,75.0,PF,61.0,-17.73,-149.15,82.4,6.93,-17.628974848563445,-142.5597410891347,0.10102515143655566,6.590258910865316
Poso,0.0,ID,46.0,-1.4,120.75,79.54,5.84,-1.8748935457315383,120.27305313909812,-0.4748935457315384,-0.4769468609018759
Bumba,100.0,CD,97.0,2.18,22.47,69.35,1.7,1.4502635765143026,22.56521109798257,-0.7297364234856976,0.09521109798257044
San Pedro,20.0,BO,71.0,-17.27,-66.8,66.2,6.93,-18.312918651890158,-59.83534197384499,-1.042918651890158,6.964658026155007
Vanavara,100.0,RU,59.0,60.35,102.28,24.13,12.1,61.86816866081895,100.69196196173095,1.5181686608189509,-1.5880380382690475
San Patricio,75.0,MX,83.0,19.22,-104.7,84.2,6.93,1.160460994268064,-115.90161306938268,-18.059539005731935,-11.201613069382674
Pathein,79.0,MM,78.0,16.78,94.73,82.43,4.76,16.744710651677423,90.73092447898665,-0.03528934832257846,-3.999075521013353
Evensk,100.0,RU,33.0,61.92,159.24,28.38,2.93,60.71147940080664,157.54101089000255,-1.2085205991933634,-1.6989891099974557
Auki,22.0,SB,67.0,-8.77,160.7,84.27,6.17,-4.7555631825882045,163.7312941326764,4.014436817411795,3.0312941326764076
Tifton,40.0,US,73.0,31.45,-83.51,74.5,7.36,31.761617473512942,-83.25337819808828,0.31161747351294267,0.2566218019117201
Nishihara,20.0,JP,40.0,35.74,139.53,73.2,17.22,21.75807579254416,133.69026013904266,-13.98192420745584,-5.839739860957337
Qarqin,0.0,AF,17.0,37.41,66.03,71.53,8.46,37.350620934509706,66.4707647626451,-0.05937906549029037,0.44076476264510234
Bathsheba,40.0,BB,74.0,13.22,-59.52,82.4,20.8,24.014179631921863,-44.28858051627543,10.794179631921862,15.231419483724572
Mumford,98.0,GH,98.0,5.26,-0.76,72.03,2.75,-0.28939465679182774,1.6710463436947975,-5.5493946567918275,2.4310463436947973
Port Hueneme,40.0,US,87.0,34.15,-119.2,64.33,5.82,30.519261126773685,-120.58456818062291,-3.6307388732263135,-1.3845681806229067
Kedrovyy,75.0,RU,70.0,56.17,91.82,32.0,4.47,57.07879592819026,80.56829329784603,0.9087959281902585,-11.251706702153967
Kandi,12.0,BJ,96.0,11.13,2.93,72.0,2.97,11.213399723825276,3.0441065603512527,0.08339972382527527,0.11410656035125255
Huilong,100.0,CN,86.0,31.15,106.5,62.76,2.66,31.61191066301535,122.98355042053294,0.46191066301535244,16.483550420532936
Kavieng,4.0,PG,71.0,-2.57,150.8,85.23,10.46,0.7815950609488169,151.94949168381856,3.3515950609488168,1.1494916838185532
Ambilobe,3.0,MG,68.0,-13.19,49.05,75.47,15.11,-9.268783079009495,48.45194133592304,3.9212169209905046,-0.5980586640769587
Salalah,20.0,OM,83.0,17.01,54.1,78.8,3.36,15.885152716869115,54.688471941641495,-1.1248472831308867,0.5884719416414939
Beringovskiy,53.0,RU,67.0,63.05,179.32,31.91,8.88,58.34591369298661,173.55658261711392,-4.704086307013384,-5.763417382886075
Port Blair,32.0,IN,67.0,11.67,92.75,83.57,3.7,12.530615388488215,88.29227141793467,0.8606153884882151,-4.457728582065329
Ugoofaaru,83.0,MV,74.0,5.67,73.0,82.78,9.89,5.275789963771402,68.83419456845189,-0.39421003622859807,-4.165805431548108
Almaznyy,0.0,RU,86.0,48.03,40.04,33.8,6.71,64.25185505511624,115.07205629069011,16.221855055116237,75.03205629069012
Kalmunai,100.0,LK,71.0,7.42,81.82,82.45,4.3,8.18131527304044,84.60150252945488,0.7613152730404398,2.781502529454883
Clyde River,1.0,CA,100.0,70.47,-68.59,21.2,2.24,68.20374339745143,-68.43491849338416,-2.266256602548566,0.15508150661584352
Hambantota,40.0,LK,100.0,6.12,81.12,75.2,5.56,4.681636492232357,83.561581868129,-1.4383635077676429,2.441581868128992
Coswig,40.0,DE,93.0,51.13,13.58,51.4,9.17,52.04123153763021,12.59487504006782,0.9112315376302078,-0.9851249599321807
Qaanaaq,85.0,GL,65.0,77.48,-69.36,19.29,10.74,78.09084304054335,-90.91556188533886,0.6108430405433438,-21.55556188533886
Moussoro,100.0,TD,66.0,13.64,16.49,80.53,12.9,14.363819882146302,17.379529074889234,0.7238198821463016,0.8895290748892357
Tutoia,9.0,BR,82.0,-2.76,-42.27,73.31,5.68,2.1835541489079873,-41.7649253937779,4.943554148907987,0.5050746062221023
Merrill,1.0,US,50.0,42.03,-121.6,52.72,20.8,45.57533533417052,-90.48125044528031,3.5453353341705167,31.118749554719685
Olinda,90.0,BR,94.0,-22.82,-43.41,71.15,4.7,-11.224246405559342,-25.094776984297596,11.595753594440659,18.3152230157024
Dongsheng,71.0,CN,62.0,29.72,112.52,70.68,5.64,39.27685972102873,108.46384494339787,9.55685972102873,-4.0561550566021225
Cayenne,0.0,GF,83.0,4.94,-52.33,78.8,3.36,17.143107420470372,-43.81277702797263,12.20310742047037,8.517222972027369
Carnduff,100.0,CA,83.0,49.17,-101.8,43.0,11.99,48.51164374143718,-101.9573066948103,-0.6583562585628187,-0.1573066948103019
Funadhoo,100.0,MV,74.0,6.15,73.27,82.58,7.34,6.245131769593968,73.2989110403363,0.09513176959396752,0.028911040336296878
Torbay,90.0,CA,93.0,47.66,-52.73,51.35,18.34,41.741900404369346,-47.65118606748828,-5.91809959563065,5.078813932511714
Turukhansk,73.0,RU,80.0,65.8,87.96,30.25,3.17,64.41270980506243,88.83093351761704,-1.3872901949375631,0.870933517617047
Saint George,90.0,BM,73.0,32.38,-64.68,77.32,18.34,31.62351114009367,-56.734015510035746,-0.7564888599063337,7.94598448996426
Conceicao do Araguaia,37.0,BR,64.0,-8.26,-49.26,78.78,3.31,-7.31261425911093,-49.9966037422725,0.9473857408890698,-0.7366037422725
Portoferraio,0.0,IT,81.0,42.81,10.31,58.95,5.82,42.04764741411475,10.039811890700179,-0.7623525858852531,-0.27018810929982173
Bekobod,23.0,UZ,58.0,40.63,71.18,59.05,6.93,40.12528012110167,69.0944728167423,-0.5047198788983351,-2.0855271832577102
Iqaluit,75.0,CA,86.0,63.75,-68.52,37.22,2.24,63.04567862687455,-68.33870041619966,-0.7043213731254525,0.18129958380033884
Simpang,70.0,ID,71.0,4.36,96.17,83.17,1.64,-1.4243997548580296,104.3521206735403,-5.78439975485803,8.182120673540297
Novoagansk,100.0,RU,79.0,61.94,76.66,37.72,13.2,62.80417469955037,76.53947882240504,0.8641746995503752,-0.12052117759495218
Channel-Port aux Basques,0.0,CA,80.0,47.57,-59.14,47.89,20.94,47.85185806736902,-60.27357622246264,0.2818580673690221,-1.1335762224626365
Neiafu,75.0,TO,74.0,-18.65,-173.98,80.6,5.82,-19.22166714386809,-172.79016105035882,-0.5716671438680905,1.189838949641171
Usinsk,19.0,RU,80.0,66.0,57.56,32.04,14.41,67.17351135516265,58.645582967976765,1.1735113551626455,1.0855829679767623
Zabol,0.0,IR,23.0,31.03,61.49,73.4,21.92,31.728054677412956,60.364066795975845,0.698054677412955,-1.1259332040241574
Abancay,28.0,PE,87.0,-13.64,-72.88,50.75,5.01,-13.574966212349452,-72.81879819749133,0.0650337876505489,0.061201802508662695
Chowchilla,1.0,US,49.0,37.12,-120.26,73.94,3.36,37.31940672089826,-120.01204959134844,0.19940672089825995,0.24795040865156182
Along,84.0,IN,90.0,28.17,94.8,71.42,1.98,29.32375338297122,93.94616522400673,1.1537533829712174,-0.8538347759932634
Sobolevo,99.0,RU,90.0,54.43,31.9,37.49,12.64,53.36372463170969,155.14302946021127,-1.066275368290313,123.24302946021126
Tucurui,44.0,BR,82.0,-3.77,-49.67,76.89,5.18,-3.3961820670684233,-49.13691183367308,0.3738179329315767,0.5330881663269196
Ilulissat,19.0,GL,58.0,69.22,-51.1,28.4,1.12,79.58029131719292,-45.1597521607701,10.360291317192917,5.9402478392299045
Dingle,67.0,IE,72.0,52.14,-10.27,54.57,29.68,48.71143096401349,-18.67197682593033,-3.428569035986513,-8.40197682593033
Deputatskiy,100.0,RU,92.0,69.3,139.9,9.05,2.89,77.05314722716935,141.8216759668552,7.75314722716935,1.9216759668551902
Haines Junction,100.0,CA,50.0,60.75,-137.51,23.41,5.64,62.25943283507368,-140.25494429470263,1.5094328350736816,-2.744944294702634
Pisco,90.0,PE,82.0,-13.71,-76.2,59.92,5.82,-27.568401302830253,-94.13766374805692,-13.858401302830252,-17.93766374805692
Pevek,100.0,RU,83.0,69.7,170.27,29.62,12.73,82.94166127040398,165.43101840806594,13.24166127040398,-4.838981591934072
Cabedelo,40.0,BR,83.0,-6.97,-34.84,77.0,8.05,-4.383632312035431,-26.488569875981398,2.586367687964569,8.351430124018606
Kutum,69.0,SD,65.0,14.2,24.66,71.99,4.5,18.5253628971534,24.64234586982974,4.325362897153401,-0.01765413017026063
Tasiilaq,100.0,GL,75.0,65.61,-37.64,41.0,13.87,84.73269942518272,-37.19003082188962,19.122699425182716,0.4499691781103792
Iquitos,20.0,PE,94.0,-3.75,-73.25,73.4,3.36,-2.6702160308273477,-72.8691622501968,1.0797839691726523,0.38083774980320584
Oregon,1.0,US,93.0,42.01,-89.33,52.11,7.2,41.49200291421886,-83.36578302410761,-0.5179970857811398,5.964216975892384
Cherskiy,99.0,RU,94.0,68.75,161.3,21.49,6.08,74.22893446010272,158.32383168096112,5.478934460102721,-2.976168319038891
Ondangwa,14.0,NA,16.0,-17.91,15.98,77.0,4.7,-17.70488426661339,15.972490352867197,0.20511573338660938,-0.00750964713280311
Umkomaas,0.0,ZA,94.0,-30.21,30.8,61.02,2.28,-30.235523910309247,30.89437056585487,-0.02552391030924639,0.09437056585487014
Am Timan,100.0,TD,96.0,11.04,20.28,69.6,5.01,10.858462422217201,21.222560724844016,-0.1815375777827981,0.9425607248440144
Muleba,75.0,TZ,83.0,-1.84,31.66,69.8,3.36,-2.2067565135263436,31.554847609206035,-0.36675651352634353,-0.10515239079396466
Omsukchan,100.0,RU,78.0,62.53,155.8,17.6,3.17,62.06911394734644,155.93382523462765,-0.46088605265356364,0.1338252346276363
Harper,100.0,LR,85.0,4.38,-7.71,77.45,8.19,-2.689966625286047,-7.0832414906839745,-7.069966625286047,0.6267585093160255
Hofn,99.0,IS,87.0,64.25,-15.21,47.1,33.77,59.74598956253277,-13.249549341981577,-4.50401043746723,1.9604506580184236
Kondinskoye,99.0,RU,91.0,59.65,67.41,46.67,1.61,60.88944983861407,67.78228184364698,1.239449838614071,0.3722818436469879
Vardo,100.0,NO,78.0,70.37,31.11,39.94,23.7,75.45217455313079,32.762364833815724,5.082174553130784,1.6523648338157244
Soligalich,98.0,RU,89.0,59.08,42.29,32.32,8.46,59.238299329370676,42.542823022498965,0.1582993293706778,0.2528230224989656
Trinidad,1.0,US,23.0,37.17,-104.5,61.27,5.82,37.35845125239051,-103.90065426345171,0.1884512523905073,0.5993457365482868
Ulladulla,75.0,AU,44.0,-35.36,150.48,59.18,11.41,-40.77340383397605,157.24276937486843,-5.413403833976048,6.762769374868441
Hede,29.0,CN,55.0,33.77,120.25,66.94,9.41,33.620507722115875,120.41223045762763,-0.14949227788412855,0.16223045762762922
Kasongo-Lunda,100.0,CD,95.0,-6.48,16.82,66.09,0.72,-7.170335455562125,17.45912957088666,-0.6903354555621242,0.6391295708866593
Fortuna,1.0,US,76.0,40.6,-124.16,54.99,13.87,36.08317439231358,-140.6604602263069,-4.516825607686421,-16.5004602263069
Mizan Teferi,0.0,ET,78.0,6.99,35.58,61.32,3.75,5.630057253579736,35.10823123212731,-1.3599427464202645,-0.47176876787268895
Arawa,99.0,PG,87.0,-6.23,155.57,78.62,2.3,-4.491675717751292,154.4464090147584,1.7383242822487084,-1.1235909852416057
Havre-Saint-Pierre,20.0,CA,70.0,50.23,-63.6,42.8,8.05,50.29897232334511,-61.46190360920215,0.06897232334511472,2.1380963907978483
Sabang,66.0,ID,49.0,1.17,120.82,86.58,2.17,6.796775685490971,93.07635109448319,5.626775685490971,-27.743648905516807
Axim,100.0,GH,95.0,4.87,-2.24,73.76,6.06,-2.66175554101288,-3.4069512657401617,-7.53175554101288,-1.1669512657401615
Shimoda,20.0,JP,56.0,34.7,138.93,76.71,21.92,26.641174762810692,139.85375775340924,-8.05882523718931,0.9237577534092338
Moranbah,0.0,AU,17.0,-22.0,148.04,91.54,15.19,-22.478668162383116,146.04508429890956,-0.4786681623831157,-1.9949157010904344
Lamballe,100.0,FR,93.0,48.47,-2.52,52.92,11.41,48.37963691314786,-2.4066850963618265,-0.09036308685213612,0.11331490363817354
Talcahuano,0.0,CL,76.0,-36.72,-73.12,55.4,5.82,-31.843286233816485,-81.55798232797889,4.876713766183514,-8.437982327978887
Mandera,26.0,KE,75.0,3.94,41.87,78.33,9.81,5.261696404878364,42.46688691625826,1.3216964048783644,0.5968869162582635
Xiaoweizhai,88.0,CN,87.0,26.23,107.51,65.93,8.86,25.480513191264563,106.72130495842026,-0.7494868087354369,-0.7886950415797429
Gunjur,75.0,GM,94.0,13.18,-16.76,77.0,5.82,12.879900398202793,-18.065537461660938,-0.30009960179720707,-1.3055374616609363
East London,0.0,ZA,77.0,-33.02,27.91,66.25,12.9,-79.50291444919058,55.84099714503802,-46.48291444919058,27.930997145038017
Kodiak,1.0,US,63.0,39.95,-94.76,58.66,9.17,43.6379529681777,-153.596647920698,3.6879529681776972,-58.836647920697985
Hay River,75.0,CA,69.0,60.82,-115.79,32.0,14.99,60.712095403476724,-117.61887213143507,-0.10790459652327655,-1.8288721314350624
Paamiut,100.0,GL,90.0,61.99,-49.67,39.7,10.79,65.68055557960665,-47.05981237177599,3.690555579606645,2.6101876282240113
Houma,1.0,US,88.0,29.6,-90.72,73.71,3.9,27.267442233784493,-91.24056968802776,-2.3325577662155084,-0.5205696880277628
Noumea,75.0,NC,65.0,-22.28,166.46,80.8,9.17,-27.610681210222815,163.68257680397693,-5.330681210222814,-2.7774231960230793
Trincomalee,0.0,LK,72.0,8.58,81.23,82.98,3.01,10.652361206092962,85.48426801238327,2.072361206092962,4.254268012383264
Aguimes,20.0,ES,68.0,27.91,-15.45,70.38,18.34,24.796768288885886,-14.596010849417667,-3.113231711114114,0.8539891505823327
Tamiahua,100.0,MX,78.0,21.28,-97.45,81.52,10.44,22.648804355942985,-94.18505095796996,1.3688043559429843,3.2649490420300395
Ixtapa,75.0,MX,79.0,20.71,-105.21,86.0,4.7,2.18220918342854,-108.58902931747541,-18.52779081657146,-3.379029317475414
Santa Rosa,100.0,AR,40.0,-36.62,-64.29,51.06,1.74,-35.63180298240616,-65.2582562452608,0.9881970175938406,-0.9682562452607897
Banjar,77.0,ID,52.0,-7.37,108.54,85.24,3.89,-8.085967104402556,107.01783687161793,-0.715967104402556,-1.5221631283820756
Ahipara,94.0,NZ,85.0,-35.17,173.16,70.0,15.44,-33.09001625814784,165.63359658551366,2.0799837418521605,-7.526403414486339
Homer,90.0,US,70.0,59.64,-151.54,46.22,4.7,58.8147630346528,-149.799685050681,-0.8252369653472016,1.7403149493189858
Cortez,1.0,US,42.0,37.35,-108.58,49.12,3.36,37.45767593056834,-110.51751876758021,0.10767593056834102,-1.9375187675802152
Haifa,66.0,IL,88.0,32.82,35.0,69.64,7.29,33.00006793857828,34.41713515130067,0.18006793857828285,-0.5828648486993302
Jizan,20.0,SA,70.0,16.89,42.56,86.0,4.7,15.774021634897252,41.71208417951016,-1.1159783651027482,-0.8479158204898454
Barmer,0.0,IN,29.0,25.74,71.4,85.91,4.29,25.324548759384385,71.21704562749275,-0.41545124061561367,-0.182954372507254
Yerbogachen,100.0,RU,83.0,61.28,108.01,21.18,8.95,62.700069167234886,107.52999157754749,1.4200691672348853,-0.48000842245251363
Nyimba,39.0,ZM,47.0,-14.56,30.81,74.8,7.2,-14.358644038505616,29.955057383149835,0.20135596149438406,-0.8549426168501633
Nome,1.0,US,83.0,30.04,-94.42,69.66,4.47,63.70605920673711,-166.23954119118332,33.66605920673711,-71.81954119118332
Gemena,91.0,CD,98.0,3.25,19.78,68.31,1.06,2.3959535583313567,19.533104003055712,-0.8540464416686433,-0.2468959969442892
Touros,40.0,BR,78.0,-5.2,-35.46,77.0,8.05,-2.7703041640193504,-29.496315424848177,2.4296958359806498,5.963684575151824
Melita,100.0,CA,83.0,49.27,-100.98,52.07,15.99,49.52493128458252,-101.21929148842776,0.25493128458251846,-0.23929148842775305
Maba,16.0,CN,60.0,24.68,113.59,80.49,2.78,24.48454832888757,113.38014283912406,-0.1954516711124299,-0.20985716087594142
Ribeira Grande,1.0,PT,70.0,38.52,-28.7,60.89,8.29,38.401171077781214,-29.723448324903188,-0.11882892221878905,-1.023448324903189
Baruun-Urt,0.0,MN,37.0,46.68,113.28,54.91,11.61,44.44655923102525,115.17361435938864,-2.233440768974752,1.8936143593886356
Wanning,38.0,CN,83.0,18.8,110.4,78.98,4.0,17.6778292920323,110.87571196278873,-1.122170707967701,0.4757119627887221
Kashi,40.0,CN,25.0,39.45,75.98,60.8,15.66,39.052830272619445,76.55718960747225,-0.39716972738055745,0.5771896074722491
Walvis Bay,30.0,NA,87.0,-22.95,14.51,55.4,9.17,-24.097307862011334,14.438925461363482,-1.1473078620113348,-0.07107453863651791
Ust-Kuyga,0.0,RU,84.0,70.0,135.55,10.11,4.0,70.27338918999655,135.99114824960367,0.27338918999654993,0.44114824960365695
Bhuj,0.0,IN,58.0,23.25,69.67,83.12,11.38,23.54044614732193,69.67751049958687,0.29044614732192997,0.007510499586871333
Pacific Grove,1.0,US,63.0,36.62,-121.92,63.28,3.36,26.947237950972863,-135.5096009928244,-9.672762049027135,-13.589600992824401
Shingu,20.0,JP,31.0,33.72,135.99,75.2,10.29,22.109036760246127,140.69806514004495,-11.610963239753872,4.708065140044937
Iranshahr,0.0,IR,61.0,27.21,60.69,78.8,2.86,27.00580616783556,61.22976849247337,-0.2041938321644423,0.539768492473371
Rosarito,5.0,MX,62.0,27.04,-109.91,85.77,3.36,30.16184578530688,-119.45329929237528,3.1218457853068813,-9.54329929237528
Tiznit,0.0,MA,49.0,29.7,-9.73,66.06,1.37,26.31362012211933,-9.540274404726603,-3.3863798778806675,0.18972559527339783
Belle Fourche,1.0,US,29.0,44.67,-103.85,53.91,4.7,44.76530887672223,-104.34195313067737,0.09530887672222832,-0.49195313067737345
Sola,99.0,VU,82.0,-13.88,167.55,79.34,17.24,-14.84021606282927,171.27204018998896,-0.9602160628292697,3.7220401899889453
Kununurra,0.0,AU,20.0,-15.77,128.74,98.6,14.99,-17.563867074071496,130.58809911223983,-1.7938670740714961,1.8480991122398223
Majene,29.0,ID,77.0,-3.54,118.97,81.57,20.2,-3.581565266309383,117.97562848280046,-0.04156526630938284,-0.9943715171995393
Qinhuangdao,100.0,CN,28.0,39.94,119.59,67.6,13.57,39.575682014243284,120.30002876032631,-0.36431798575671337,0.7100287603263098
Tres Arroyos,27.0,AR,56.0,-38.38,-60.28,45.93,6.55,-41.05455612831301,-59.969258726220986,-2.6745561283130073,0.3107412737790156
Zverinogolovskoye,64.0,RU,72.0,54.46,64.85,49.19,5.95,54.27223882353263,65.37149398009115,-0.18776117646736878,0.5214939800911509
Bastia,0.0,FR,87.0,42.7,9.45,55.56,4.7,42.765772221465056,9.52077796827433,0.06577222146505335,0.07077796827433147
Coquimbo,75.0,CL,100.0,-29.95,-71.34,59.56,4.7,-27.099436830862075,-78.88145653946094,2.8505631691379243,-7.541456539460938
Palmer,90.0,US,52.0,61.6,-149.11,47.05,9.17,58.0885361976697,-144.27310430757106,-3.5114638023303044,4.8368956924289535
Adeje,20.0,ES,77.0,28.12,-16.73,66.72,6.93,25.461277294966436,-18.071166375749897,-2.658722705033565,-1.3411663757498964
Mtambile,100.0,TZ,79.0,-5.38,39.7,80.11,15.2,-5.800858495363869,40.37476545603019,-0.420858495363869,0.6747654560301868
Esperance,100.0,AU,35.0,-33.86,121.89,71.6,16.11,-33.31645366863929,127.24873604231465,0.5435463313607087,5.358736042314646
Siavonga,59.0,ZM,42.0,-16.54,28.71,78.87,10.71,-16.249853923095884,28.54339138242014,0.2901460769041151,-0.16660861757986112
Chipinge,0.0,ZW,67.0,-20.19,32.62,69.15,4.05,-21.81744040056735,33.55657584949998,-1.6274404005673482,0.936575849499981
Fort Nelson,20.0,CA,57.0,58.81,-122.69,32.0,5.82,60.74948994841213,-120.36893192340227,1.939489948412131,2.321068076597726
Port Alberni,20.0,CA,37.0,49.24,-124.81,48.06,20.8,48.92517363940604,-124.72331855142765,-0.31482636059396185,0.0866814485723495
Lagoa,0.0,PT,88.0,37.14,-8.45,66.4,11.54,39.44342686555828,-27.607196517875167,2.3034268655582792,-19.157196517875168
Bireun,93.0,ID,94.0,5.2,96.7,69.64,1.43,5.3633543047209855,96.52472232142736,0.16335430472098533,-0.1752776785726411
Poum,0.0,NC,68.0,-20.23,164.02,72.95,5.03,-16.41437006647314,161.03979798805358,3.8156299335268606,-2.9802020119464316
Norman Wells,40.0,CA,63.0,65.28,-126.83,30.2,5.82,75.3017813687583,-121.57399813085854,10.021781368758298,5.256001869141457
Namibe,86.0,AO,87.0,-15.19,12.15,66.11,7.67,-17.050714915692595,3.840076182968261,-1.8607149156925953,-8.30992381703174
Pahrump,1.0,US,7.0,36.21,-115.98,70.45,3.36,37.72127846017132,-115.90935422367242,1.5112784601713187,0.07064577632758073
Palana,100.0,RU,99.0,59.08,159.95,37.99,3.58,60.18592822399134,161.0703183342721,1.1059282239913415,1.120318334272099
Mamit,75.0,IN,94.0,23.92,92.49,75.2,0.87,24.06834059542784,92.45260925175984,0.14834059542783962,-0.03739074824015631
Kavaratti,85.0,IN,70.0,10.57,72.64,82.61,2.98,10.507384287131885,72.18265184353578,-0.06261571286811574,-0.4573481564642208
Mweka,100.0,CD,98.0,-4.85,21.56,69.13,1.6,-4.9543479437087825,21.715104052558672,-0.10434794370878286,0.15510405255867354
Luena,96.0,AO,91.0,-11.78,19.91,61.05,2.08,-12.583696551561872,19.407344527438568,-0.8036965515618721,-0.5026554725614325
Westport,9.0,IE,81.0,53.8,-9.52,49.12,21.99,53.54747879778361,-10.076415517951517,-0.25252120221638563,-0.5564155179515176
Kirakira,100.0,SB,77.0,-10.46,161.92,82.07,5.21,-10.083884680583964,162.03883201856894,0.37611531941603715,0.11883201856895198
Sitka,80.0,US,61.0,37.17,-99.65,62.49,18.99,55.802551335812154,-134.20741915815861,18.632551335812153,-34.55741915815861
Henties Bay,33.0,NA,87.0,-22.12,14.28,57.56,13.2,-21.956457905003788,8.997457374050953,0.1635420949962132,-5.282542625949047
Margate,0.0,ZA,83.0,-30.86,30.37,69.12,15.76,-36.562209685294945,38.05887114278826,-5.702209685294946,7.688871142788262
Lethem,100.0,GY,69.0,3.38,-59.8,81.86,2.73,2.085094761609483,-56.97960758128143,-1.294905238390517,2.820392418718569
Nikolsk,72.0,RU,91.0,59.53,45.45,30.04,8.04,59.31367922336972,45.08293676590566,-0.21632077663028326,-0.3670632340943456
Lompoc,75.0,US,93.0,34.64,-120.46,57.72,6.93,24.875228739404747,-126.86165166626323,-9.764771260595253,-6.401651666263234
Flin Flon,100.0,CA,57.0,54.77,-101.88,33.65,9.84,54.89726755463255,-102.98966249391181,0.1272675546325459,-1.109662493911813
Karasburg,0.0,NA,48.0,-28.01,18.75,51.8,7.09,-27.253296206621975,19.06397324327787,0.7567037933780263,0.31397324327787146
Katsuura,20.0,JP,43.0,33.93,134.5,71.76,16.11,22.702214942851768,152.60700153894675,-11.227785057148232,18.107001538946747
Thompson,75.0,CA,64.0,55.74,-97.86,37.4,5.82,65.77042210417986,-92.91465161894406,10.030422104179856,4.945348381055936
Ponta do Sol,75.0,PT,69.0,32.67,-17.1,68.61,14.99,37.69658173325466,-19.71443288782413,5.026581733254659,-2.6144328878241296
Nanortalik,100.0,GL,81.0,60.14,-45.24,40.57,6.98,52.967650647049254,-39.69101541720667,-7.1723493529507465,5.548984582793331
Rio Gallegos,100.0,AR,74.0,-51.62,-69.22,44.6,23.04,-52.607062820329475,-67.63456991790024,-0.9870628203294771,1.5854300820997622
Dimbokro,100.0,CI,98.0,6.65,-4.7,72.43,4.59,6.394948904401659,-4.796146286856384,-0.2550510955983416,-0.09614628685638404
Mbandaka,96.0,CD,97.0,0.05,18.26,70.86,2.51,0.677945648769736,19.503080142305663,0.6279456487697359,1.2430801423056614
Koygorodok,0.0,RU,87.0,60.44,51.01,30.18,7.85,59.98704238445336,50.780764206128,-0.45295761554663727,-0.22923579387200022
Bloomingdale,1.0,US,67.0,41.96,-88.08,54.32,4.7,36.96888103803256,-82.39191449736842,-4.991118961967437,5.68808550263158
Coari,89.0,BR,89.0,-4.09,-63.14,74.55,1.31,-3.8806858928686836,-63.1984855953512,0.20931410713131626,-0.05848559535120046
Aklavik,75.0,CA,69.0,68.22,-135.01,33.8,5.82,67.42084154932229,-138.55537906809937,-0.7991584506777087,-3.545379068099379
Merauke,77.0,ID,50.0,-8.49,140.4,88.39,8.98,-8.545830594250901,136.81128948973628,-0.0558305942509012,-3.5887105102637236
Lahaina,20.0,US,78.0,20.87,-156.68,79.72,11.41,19.519294572509324,-157.68008891804368,-1.3507054274906771,-1.000088918043673
Lodwar,81.0,KE,46.0,3.12,35.6,81.61,6.9,3.1606484343154477,36.703573431482454,0.040648434315447624,1.1035734314824523
Vila Franca do Campo,75.0,PT,68.0,37.72,-25.43,67.15,4.7,36.41180142693844,-22.672442260169532,-1.30819857306156,2.7575577398304674
Vila Velha,20.0,BR,69.0,-3.71,-38.6,79.72,14.99,-23.21246740467417,-34.726338230162185,-19.50246740467417,3.873661769837817
Marsh Harbour,100.0,BS,77.0,26.54,-77.06,81.44,13.42,29.764555616925435,-76.56642139058087,3.2245556169254357,0.49357860941913145
The Pas,90.0,CA,69.0,53.82,-101.24,37.4,20.8,55.13415053299153,-99.94397689958582,1.3141505329915262,1.2960231004141747
Omboue,100.0,GA,86.0,-1.57,9.26,77.65,11.03,-1.9165208797679583,7.77559429017748,-0.3465208797679582,-1.4844057098225196
Waipawa,99.0,NZ,54.0,-39.94,176.59,69.01,15.99,-46.5080986190406,177.51518892568856,-6.5680986190406045,0.925188925688559
Chino Valley,1.0,US,15.0,34.76,-112.45,61.68,6.93,34.75693933467936,-112.84917771821664,-0.003060665320639089,-0.3991777182166345
Ust-Tsilma,82.0,RU,86.0,65.44,52.15,31.98,11.3,67.3211589056096,50.27162238555425,1.8811589056095954,-1.8783776144457462
Abha,0.0,SA,42.0,18.22,42.5,62.15,5.82,17.93001830875251,41.45132140139094,-0.2899816912474904,-1.048678598609058
Crawfordsville,1.0,US,93.0,40.04,-86.9,53.1,5.84,40.18346266175641,-87.12767744730789,0.1434626617564092,-0.22767744730788309
Santa Cruz,2.0,BR,87.0,-6.22,-36.02,67.67,14.09,-6.292504437951266,-36.0334307022751,-0.07250443795126582,-0.013430702275094575
Mount Gambier,90.0,AU,71.0,-37.83,140.78,55.4,8.05,-49.02975057433,132.11110013429362,-11.199750574330004,-8.66889986570638
Seoul,1.0,KR,36.0,37.57,126.98,60.62,2.24,36.2752050518431,126.34989044148045,-1.2947949481568983,-0.6301095585195498
Kawhia,0.0,NZ,67.0,-38.07,174.82,69.01,2.62,-37.95265284580594,174.6314573958549,0.11734715419405717,-0.18854260414508417
Inirida,88.0,CO,94.0,3.87,-67.92,73.67,2.08,2.7072008225165973,-68.89324826466884,-1.1627991774834028,-0.9732482646688396
Kaiyuan,11.0,CN,44.0,42.54,124.04,65.97,21.22,23.6684418054069,103.1106304749377,-18.8715581945931,-20.929369525062313
Sibolga,30.0,ID,77.0,1.74,98.78,79.91,6.46,0.06903118945086817,96.38262544230349,-1.6709688105491318,-2.3973745576965086
Otradnoye,90.0,RU,86.0,59.77,30.8,41.02,4.47,44.78133812391124,145.51916415424415,-14.988661876088763,114.71916415424415
Kodinsk,0.0,RU,65.0,58.6,99.18,27.55,7.43,57.67844109353641,98.77450899553958,-0.921558906463595,-0.40549100446042985
Ilheus,40.0,BR,78.0,-14.79,-39.05,78.8,6.93,-14.684046195801983,-38.68471937195295,0.10595380419801614,0.36528062804704575
Itapora,100.0,BR,63.0,-22.08,-54.79,72.12,6.91,-21.851442773682805,-55.04726892750266,0.22855722631719289,-0.2572689275026576
Qaqortoq,100.0,GL,80.0,60.72,-46.03,39.2,8.63,61.85205624539705,-46.810294179640465,1.1320562453970524,-0.7802941796404639
Port Lincoln,93.0,AU,66.0,-34.72,135.86,54.35,10.47,-44.519882794440434,133.00390310291783,-9.799882794440435,-2.856096897082182
Tanhacu,75.0,BR,83.0,-14.02,-41.25,69.35,6.42,-14.03283162427472,-40.95136427852876,-0.012831624274721065,0.29863572147124273
Mujiayingzi,72.0,CN,26.0,42.12,118.78,59.63,21.16,43.37614766358044,117.40227816087508,1.2561476635804425,-1.3777218391249164
Daye,3.0,CN,44.0,30.1,114.98,77.7,5.84,30.138776296486967,114.8171536331796,0.03877629648696512,-0.16284636682040343
Can Tho,40.0,VN,94.0,10.04,105.78,84.2,4.7,9.865944344820278,105.98528130448625,-0.1740556551797212,0.20528130448624893
Yulara,0.0,AU,15.0,-25.24,130.99,78.8,14.99,-24.266145018156678,128.4900828833171,0.9738549818433206,-2.499917116682923
Xinzhou,39.0,CN,39.0,38.41,112.73,59.09,6.82,38.082167193062105,113.64617055155327,-0.3278328069378915,0.9161705515532645
Methoni,0.0,GR,72.0,36.82,21.7,63.32,4.7,35.028648043165404,21.612438935915918,-1.7913519568345961,-0.08756106408408115
Paita,100.0,PE,77.0,-5.09,-81.11,63.81,7.87,-6.357002203179434,-84.88220991312801,-1.267002203179434,-3.772209913128009
Meru,100.0,KE,85.0,0.05,37.65,50.36,6.01,0.13737335633592807,37.66252397372014,0.08737335633592806,0.012523973720142578
Sorland,97.0,NO,66.0,67.67,12.69,43.18,20.31,72.54623686654006,7.577456332686609,4.876236866540054,-5.112543667313391
Verkh-Usugli,35.0,RU,61.0,52.7,115.17,34.09,10.13,53.92961453142178,115.12029596747874,1.229614531421774,-0.04970403252126232
Komsomolskiy,100.0,RU,91.0,67.55,63.78,33.28,4.05,67.56900257301294,173.22947674332005,0.019002573012940616,109.44947674332005
Zonguldak,24.0,TR,94.0,41.25,31.83,44.26,2.81,42.32744983252374,31.518068004054726,1.0774498325237403,-0.31193199594527243
Kyra,100.0,RU,53.0,49.58,111.97,43.95,17.14,48.62049624454002,112.31636038847626,-0.959503755459977,0.3463603884762563
Vaasa,87.0,FI,100.0,63.1,21.62,29.03,2.24,63.18183291376499,20.801890446005302,0.08183291376499113,-0.8181095539946988
Richards Bay,0.0,ZA,88.0,-28.77,32.06,67.04,5.21,-34.40247117999857,37.6962935638862,-5.632471179998571,5.636293563886198
Nurota,0.0,UZ,57.0,40.56,65.69,50.0,9.17,42.253133056547426,65.89871037510233,1.693133056547424,0.20871037510232782
Puerto Narino,0.0,CO,100.0,-3.77,-70.38,75.2,2.08,-3.4832591794959455,-70.34188749022206,0.28674082050405447,0.03811250977793179
Saskylakh,89.0,RU,95.0,71.97,114.09,17.63,5.44,82.68200136102965,109.97400233219872,10.71200136102965,-4.115997667801281
Nabire,100.0,ID,83.0,-3.36,135.5,81.5,1.46,-4.417396265300198,135.94562969406923,-1.057396265300198,0.4456296940692255
Canavieiras,13.0,BR,90.0,-15.68,-38.95,72.97,5.7,-15.584969867692536,-39.10278384452894,0.09503013230746404,-0.15278384452894045
Sorong,100.0,ID,62.0,-0.86,131.25,87.31,3.15,2.462692233842276,132.19377926478217,3.3226922338422757,0.9437792647821652
Toora-Khem,66.0,RU,59.0,52.47,96.11,43.32,11.58,52.895069615256034,96.25050922275204,0.42506961525603515,0.14050922275204414
Praia da Vitoria,75.0,PT,68.0,38.73,-27.07,66.2,9.75,41.62987682108263,-25.715478028765204,2.8998768210826356,1.3545219712347958
Alice Springs,0.0,AU,16.0,-23.7,133.88,73.4,12.75,-20.417963200272965,135.0937738777307,3.2820367997270345,1.2137738777307163
Nuevitas,20.0,CU,88.0,21.55,-77.27,78.8,3.36,21.576612477782973,-77.19000380815672,0.026612477782972377,0.07999619184327855
Laiyang,95.0,CN,23.0,36.98,120.7,75.0,8.62,36.81377292425029,121.30759907293663,-0.16622707574970974,0.6075990729366225
Chicama,90.0,PE,82.0,-7.84,-79.15,60.8,9.17,-11.433150158244217,-86.02965295591586,-3.5931501582442174,-6.879652955915859
Abu Dhabi,0.0,AE,74.0,24.47,54.37,83.26,4.7,21.123171187513336,54.21820217828068,-3.346828812486663,-0.15179782171932032
Nanticoke,20.0,CA,93.0,42.81,-80.07,48.65,9.17,42.46848819211678,-79.81932551220028,-0.3415118078832222,0.2506744877997136
Bad Windsheim,20.0,DE,100.0,49.5,10.42,52.07,8.05,49.54850575735017,10.492526428082556,0.0485057573501706,0.07252642808255594
Nardaran,40.0,AZ,88.0,40.56,50.01,66.2,11.41,41.76550219475814,50.41287702967625,1.2055021947581395,0.4028770296762545
La Ronge,40.0,CA,86.0,55.1,-105.3,30.2,10.29,60.66415708044744,-104.68625538336474,5.564157080447437,0.6137446166352589
Almirante,70.0,PA,97.0,9.29,-82.39,53.01,2.17,9.409928162645656,-82.36486752968435,0.11992816264565676,0.025132470315654132
Haftoni,75.0,AZ,100.0,38.76,48.76,49.17,2.95,38.98757370860099,49.0451757159999,0.22757370860099257,0.2851757159999053
Marsa Matruh,0.0,EG,78.0,31.35,27.25,75.2,9.17,27.66645551065757,26.608298965318113,-3.683544489342431,-0.641701034681887
Rabagani,84.0,RO,70.0,46.75,22.23,46.15,5.82,46.764736901624474,22.24146882385608,0.01473690162447383,0.011468823856080945
Cazones,78.0,MX,93.0,20.72,-97.32,72.88,5.3,20.976808139570167,-97.31480018125816,0.25680813957016824,0.005199818741829176
Fairbanks,90.0,US,100.0,64.84,-147.72,33.66,6.93,63.78134075059407,-146.89086243951616,-1.0586592494059346,0.8291375604838436
Sakaiminato,20.0,JP,46.0,35.55,133.23,69.8,4.7,38.02051779995023,132.66855243364273,2.4705177999502297,-0.5614475663572591
Pundaguitan,72.0,PH,70.0,6.37,126.17,83.17,7.96,5.8970361002075435,126.23101941817748,-0.47296389979245657,0.061019418177480134
Hobyo,61.0,SO,81.0,5.35,48.53,79.14,4.43,0.5293796855791868,51.39398482012473,-4.820620314420813,2.8639848201247275
Cukai,75.0,MY,79.0,4.25,103.42,85.08,3.36,3.939784735445471,104.66893427786022,-0.31021526455452886,1.248934277860215
Prince Rupert,1.0,CA,48.0,54.32,-130.32,44.6,9.17,47.4190431822328,-135.94508187354245,-6.900956817767202,-5.625081873542456
Erenhot,0.0,CN,29.0,43.65,111.97,59.3,18.48,43.64732065988406,109.36825094088567,-0.0026793401159395103,-2.6017490591143257
Shelburne,1.0,CA,93.0,44.08,-80.2,46.51,2.24,38.60478761793945,-63.28181376471575,-5.475212382060548,16.918186235284253
Saint John,75.0,CA,100.0,45.28,-66.06,42.85,3.36,45.108678029690566,-66.13556387356628,-0.1713219703094353,-0.07556387356628136
Bolivar,1.0,US,100.0,35.26,-88.99,57.58,6.02,37.94511192727494,-93.12865845996978,2.6851119272749386,-4.13865845996979
Gejiu,75.0,CN,84.0,23.36,103.16,64.7,4.65,23.08946617081675,102.31236144633658,-0.2705338291832504,-0.8476385536634155
Barguzin,36.0,RU,62.0,53.62,109.63,32.29,15.37,52.99703702009094,109.90903066670006,-0.6229629799090546,0.2790306667000664
Atar,100.0,MR,13.0,20.52,-13.05,89.85,7.38,19.43133973300479,-12.047204746271916,-1.088660266995209,1.0027952537280846
Wau,100.0,PG,74.0,-7.34,146.72,74.61,4.18,-7.658108465198055,147.07561748365566,-0.3181084651980548,0.3556174836556636
Mattru,71.0,SL,98.0,7.62,-11.83,72.34,1.41,2.3308019759105747,-15.7844980575249,-5.289198024089425,-3.9544980575248996
Strelka,0.0,RU,62.0,58.08,93.03,36.88,3.33,58.492125735828125,93.17609851814359,0.41212573582812695,0.14609851814358876
Rio Grande,12.0,BR,94.0,-32.03,-52.1,54.0,4.61,-33.063313114739195,-50.601945901186895,-1.0333131147391938,1.4980540988131068
Sumenep,6.0,ID,43.0,-7.02,113.87,91.02,8.63,-5.778844831842747,114.09879391775922,1.2411551681572526,0.2287939177592193
Tupik,100.0,RU,88.0,54.43,119.94,28.13,4.7,54.66264948787324,118.91698933610775,0.23264948787323902,-1.0230106638922507
Leshukonskoye,100.0,RU,96.0,64.9,45.76,32.97,14.79,64.79394415150423,45.353078933431476,-0.10605584849577099,-0.4069210665685219
Huarmey,18.0,PE,89.0,-10.07,-78.15,59.77,13.44,-13.609097027705502,-85.23663630779869,-3.539097027705502,-7.086636307798685
Iquique,90.0,CL,67.0,-20.22,-70.14,60.8,3.36,-20.868815215347382,-70.2763237626437,-0.6488152153473834,-0.1363237626436984
San Luis,83.0,AR,47.0,-33.3,-66.34,67.96,16.4,-32.20781846378247,-66.61116765975078,1.0921815362175238,-0.2711676597507733
Copalillo,100.0,MX,89.0,18.03,-99.04,68.02,1.73,17.986499450241368,-99.22229309140357,-0.043500549758633156,-0.1822930914035652
Mpigi,75.0,UG,93.0,0.23,32.32,66.2,4.7,0.37221121456278183,32.203478626374704,0.14221121456278182,-0.11652137362529658
Buta,100.0,CD,99.0,2.79,24.73,67.87,1.88,3.1592564324898973,24.642886943375117,0.36925643248989726,-0.087113056624883
Bo Rai,20.0,TH,74.0,12.57,102.54,87.28,3.36,12.420689292576782,103.04675218987433,-0.1493107074232185,0.5067521898743195
Chuy,0.0,UY,77.0,-33.69,-53.46,54.97,5.61,-39.3828094638206,-46.9348156913839,-5.692809463820602,6.525184308616097
Meulaboh,83.0,ID,79.0,4.14,96.13,79.29,3.78,1.321049511807729,95.68067437936497,-2.8189504881922707,-0.44932562063502246
West Monroe,1.0,US,93.0,32.52,-92.15,63.27,4.47,32.55904294188717,-92.22459210071476,0.039042941887167615,-0.07459210071475297
Borova,100.0,UA,65.0,50.18,30.1,43.79,11.18,49.030741233448396,37.62235653589846,-1.149258766551604,7.52235653589846
Byron Bay,0.0,AU,40.0,-28.65,153.62,71.01,21.92,-28.865043177292392,160.73652368482072,-0.21504317729239375,7.11652368482072
Kurilsk,29.0,RU,76.0,45.23,147.88,52.5,29.97,46.99284877459664,146.23728306290707,1.762848774596641,-1.6427169370929278
Aksarka,100.0,RU,95.0,66.56,67.8,34.84,5.55,74.56499986344522,68.45113663453688,8.00499986344522,0.6511366345368828
Samarai,41.0,PG,67.0,-10.62,150.67,80.78,8.19,-10.380198353774176,153.0278024194567,0.239801646225823,2.3578024194567035
Monrovia,100.0,LR,88.0,6.33,-10.8,76.06,8.39,0.7051014232346802,-13.930798832349524,-5.62489857676532,-3.130798832349523
Tacuarembo,1.0,UY,80.0,-31.73,-55.98,55.56,3.49,-32.21602283085427,-55.63737821164874,-0.4860228308542709,0.3426217883512592
Saran,90.0,FR,100.0,47.95,1.88,51.6,13.87,48.036421892741544,1.8362772488118253,0.08642189274154077,-0.04372275118817459
Grand Gaube,75.0,MU,83.0,-20.01,57.66,69.46,19.46,-17.794279879276175,61.933909670901386,2.2157201207238266,4.273909670901389
Sinnar,0.0,SD,69.0,13.57,33.57,79.57,7.29,13.343189728839448,33.691998588394455,-0.2268102711605522,0.12199858839445454
Wagar,0.0,SD,52.0,16.15,36.2,83.86,5.02,16.625239641733884,35.92255569296668,0.4752396417338858,-0.27744430703332057
Wairoa,100.0,NZ,44.0,-39.04,177.43,75.0,1.99,-39.96701448572358,178.00234857861102,-0.927014485723582,0.5723485786110132
Soe,48.0,ID,53.0,-9.86,124.28,82.87,10.93,-12.469031662683932,126.27819444201293,-2.6090316626839325,1.998194442012931
Usa River,78.0,TZ,87.0,-3.37,36.86,67.89,4.0,-3.4555151663530665,36.8315540405155,-0.08551516635306644,-0.02844595948450035
Matagami,1.0,CA,86.0,49.76,-77.63,41.0,4.7,52.30092388622356,-77.12856129816471,2.5409238862235597,0.5014387018352835
Solano,40.0,CO,99.0,0.7,-75.25,69.55,1.46,0.3958462206901885,-74.96569366779603,-0.30415377930981147,0.2843063322039683
La Victoria,75.0,VE,94.0,10.23,-67.33,73.09,4.7,10.257432694775503,-67.37025404600162,0.027432694775502142,-0.04025404600162119
Ambatofinandrahana,0.0,MG,80.0,-20.55,46.8,56.69,5.91,-20.65152869202859,46.97490453190187,-0.10152869202859094,0.17490453190187338
Tibiri,98.0,NE,75.0,13.59,7.06,76.46,6.56,13.495674510340194,6.794346245240632,-0.09432548965980558,-0.26565375475936737
Fallon,20.0,US,75.0,46.84,-105.12,41.92,23.04,40.24128354693849,-118.55216735236417,-6.598716453061513,-13.43216735236416
Dwarka,0.0,IN,69.0,28.58,77.04,77.83,3.36,17.98241544976017,64.1452010777032,-10.59758455023983,-12.8947989222968
Umm Lajj,62.0,SA,68.0,25.02,37.27,86.97,9.1,24.534523532598854,39.52849170044985,-0.4854764674011456,2.258491700449845
Zanesville,1.0,US,81.0,39.94,-82.01,49.35,5.82,40.04677807204419,-82.10156002917445,0.1067780720441931,-0.09156002917444539
Shahr-e Kord,0.0,IR,61.0,32.33,50.85,46.4,2.24,32.6533781523799,50.65678214455136,0.3233781523799024,-0.19321785544864412
Melilla,0.0,ES,82.0,35.29,-2.94,62.6,4.7,35.50944504355152,-2.228276880176594,0.2194450435515236,0.711723119823406
Kon Tum,12.0,VN,50.0,14.36,108.0,86.5,1.86,14.79564484141983,107.53717399980957,0.43564484141982973,-0.4628260001904323
Karpathos,0.0,GR,88.0,35.51,27.21,69.8,4.7,34.63857277840377,27.72280022614939,-0.8714272215962282,0.5128002261493876
Rodrigues Alves,0.0,BR,84.0,-7.74,-72.65,72.8,2.77,-11.3162640958015,-63.89471450058073,-3.5762640958015,8.755285499419273
Tessalit,20.0,ML,12.0,20.2,1.01,80.67,8.48,20.789585701755456,-0.5763284025042026,0.5895857017554569,-1.5863284025042026
Weston-super-Mare,100.0,GB,93.0,51.35,-2.98,50.54,11.41,51.41591571677134,-3.0325497406768136,0.06591571677133601,-0.05254974067681362
Nkowakowa,100.0,ZA,25.0,-23.89,30.29,60.8,2.24,-24.077395930295296,30.551347566774666,-0.18739593029529544,0.261347566774667
Almeirim,82.0,BR,74.0,-1.53,-52.58,78.58,4.99,-1.531315865295042,-52.87787133790867,-0.001315865295042018,-0.29787133790867415
Aschaffenburg,40.0,DE,93.0,49.97,9.15,50.49,10.29,50.007732630975966,9.095690877709245,0.037732630975966686,-0.05430912229075524
Bilma,33.0,NE,40.0,18.69,12.92,84.05,10.13,16.30316887051184,12.056847300716584,-2.3868311294881615,-0.8631526992834164
Nikolayevskaya,90.0,RU,87.0,43.22,44.21,50.0,4.47,47.874369532877324,41.604931739022874,4.654369532877325,-2.605068260977127
Lunsar,96.0,SL,98.0,8.69,-12.54,72.75,2.68,8.982193693390514,-12.440524491827574,0.29219369339051404,0.09947550817242501
Cap Malheureux,75.0,MU,83.0,-19.98,57.61,69.48,19.46,-12.816481452795003,59.08539628458206,7.163518547204998,1.475396284582061
Misratah,26.0,LY,58.0,32.38,15.09,75.36,9.78,31.725809417464063,15.647993464829312,-0.6541905825359393,0.5579934648293126
Portel,27.0,BR,97.0,-1.94,-50.82,73.74,2.64,-2.047374286188017,-51.34455664805256,-0.10737428618801692,-0.5245566480525596
Vaitape,97.0,PF,85.0,-16.52,-151.75,76.03,25.25,-18.09777277960849,-153.6565423753685,-1.577772779608491,-1.9065423753685025
Nizwa,0.0,OM,60.0,22.93,57.53,72.86,1.01,24.237856559565586,56.940665557419464,1.307856559565586,-0.5893344425805367
Bonthe,100.0,SL,92.0,7.53,-12.5,75.79,8.16,3.9035436445140164,-16.17470562635964,-3.626456355485984,-3.674705626359639
Bayshore Gardens,20.0,US,88.0,27.43,-82.59,75.58,11.41,26.24146811257451,-85.16482617537193,-1.1885318874254907,-2.574826175371925
Utmanzai,5.0,PK,63.0,34.19,71.76,66.2,4.7,33.7596289815007,71.57612708467454,-0.4303710184993008,-0.18387291532546612
Rocha,0.0,UY,55.0,-34.48,-54.34,53.96,7.44,-39.32748714437169,-50.4365474077978,-4.847487144371691,3.9034525922022
Bilibino,76.0,RU,96.0,68.06,166.44,9.41,2.68,75.43002230050436,165.05444836462,7.37002230050436,-1.3855516353800112
Poltavka,12.0,RU,65.0,54.36,71.76,54.23,8.52,53.98912770063714,72.02943138382008,-0.37087229936285837,0.26943138382007703
Kenai,90.0,US,87.0,60.55,-151.26,45.97,16.96,63.23131498088202,-156.4189947179686,2.6813149808820214,-5.158994717968596
Launceston,75.0,AU,47.0,-41.43,147.14,59.09,10.29,-39.8990097050213,148.41590218733364,1.5309902949787002,1.2759021873336565
Roma,0.0,AU,16.0,-26.57,148.79,73.97,14.14,-27.70101317995187,148.16372702309553,-1.1310131799518715,-0.6262729769044597
Karratha,4.0,AU,8.0,-20.74,116.85,104.03,3.24,-19.781027675841656,112.88434331779479,0.9589723241583421,-3.965656682205207
Trail,13.0,CA,73.0,49.1,-117.71,30.47,6.46,49.1057432077676,-117.76527170180094,0.005743207767601177,-0.055271701800947426
Manzanillo,75.0,MX,83.0,19.05,-104.32,84.2,6.93,12.816958005475357,-107.37988230976983,-6.233041994524644,-3.059882309769833
Nicoya,0.0,CR,94.0,10.15,-85.45,72.19,1.19,9.531565343337533,-85.98930870309563,-0.6184346566624672,-0.5393087030956281
Teahupoo,75.0,PF,69.0,-17.83,-149.27,78.35,6.93,-19.718504953925446,-149.10492632913042,-1.8885049539254481,0.1650736708695888
Marinette,1.0,US,81.0,45.1,-87.63,51.31,6.93,45.51835855469159,-88.5143983641126,0.41835855469158645,-0.8843983641125988
Fort-Shevchenko,100.0,KZ,60.0,44.51,50.26,58.41,2.17,43.332654878814196,49.65212918320822,-1.1773451211858017,-0.607870816791781
Lavrentiya,100.0,RU,99.0,65.58,-170.99,33.24,1.92,71.87671824778931,-170.9507954095948,6.296718247789315,0.03920459040520541
Hami,95.0,CN,15.0,42.84,93.51,66.92,8.57,44.213750830370145,93.60720148792609,1.3737508303701418,0.0972014879260854
Sao Joao da Barra,99.0,BR,86.0,-21.64,-41.05,73.94,5.53,-22.172947035440373,-39.74836158970413,-0.5329470354403725,1.3016384102958654
La Joya,5.0,MX,31.0,28.72,-111.57,81.03,4.7,32.52815332273573,-116.56811823961573,3.808153322735734,-4.998118239615735
Havdrup,66.0,DK,81.0,55.54,12.12,50.59,13.87,55.56090247247991,12.103580505315136,0.020902472479910728,-0.016419494684862812
Popondetta,17.0,PG,54.0,-8.77,148.24,81.1,6.17,-8.199970683016787,149.14262894142843,0.5700293169832129,0.9026289414284179
Roebourne,0.0,AU,8.0,-20.77,117.15,103.94,1.36,-24.619504031030772,117.84836292539808,-3.849504031030772,0.6983629253980723
Takayama,20.0,JP,40.0,36.14,137.25,68.4,5.82,36.33778229314123,137.34613556785706,0.19778229314123053,0.09613556785706123
Atagay,96.0,RU,75.0,55.1,99.39,34.11,9.56,54.89301829904221,99.73216497137741,-0.20698170095779034,0.3421649713774144
Uribia,31.0,CO,84.0,11.71,-72.27,79.36,6.64,11.648093849916947,-71.31251273899973,-0.061906150083054,0.9574872610002672
Kronshtadt,90.0,RU,86.0,59.99,29.77,39.36,4.47,60.03780941830175,29.675104128874352,0.04780941830174612,-0.09489587112564735
Mlonggo,20.0,ID,55.0,-6.53,110.7,87.8,6.93,-5.447261613482311,110.35573300029989,1.082738386517689,-0.34426699970011043
Altamirano,100.0,MX,99.0,16.73,-92.04,59.13,1.42,16.621378855555463,-91.47634755527892,-0.10862114444453752,0.563652444721086
Neyshabur,0.0,IR,36.0,36.21,58.79,55.29,1.45,36.00334090155856,58.98375171805753,-0.2066590984414418,0.1937517180575341
Hervey Bay,75.0,AU,47.0,-25.3,152.85,80.76,16.11,-20.33018069380165,157.04918792870268,4.9698193061983496,4.199187928702685
Kerema,97.0,PG,76.0,-7.96,145.78,80.46,8.66,-7.098151624079989,145.31353959174078,0.8618483759200108,-0.4664604082592234
Olga,0.0,RU,52.0,43.74,135.29,52.45,22.06,40.875302555125984,136.1656970328936,-2.864697444874018,0.875697032893612
Churapcha,100.0,RU,92.0,62.0,132.43,29.86,9.86,62.53127713093113,133.94068722783567,0.5312771309311302,1.5106872278356605
Nieuw Amsterdam,40.0,SR,94.0,5.88,-55.08,78.67,4.7,9.811625134108581,-55.54527230443861,3.9316251341085815,-0.46527230443861356
Yakeshi,10.0,CN,56.0,49.28,120.73,53.36,17.65,47.3290755185358,120.49461118521907,-1.9509244814641988,-0.23538881478093288
Warrnambool,80.0,AU,55.0,-38.38,142.48,57.45,5.99,-39.666910950284056,142.6536449321049,-1.286910950284053,0.1736449321049065
Nhulunbuy,20.0,AU,48.0,-12.18,136.78,86.0,12.75,-13.448001499625022,139.00217982581142,-1.2680014996250222,2.2221798258114234
Acapulco,90.0,MX,83.0,16.86,-99.88,82.4,2.19,14.859692211372604,-100.5042500408668,-2.0003077886273957,-0.6242500408667979
Bima,63.0,ID,28.0,-8.45,118.73,97.52,3.8,-7.840323770453907,118.23065459263461,0.6096762295460927,-0.49934540736539645
Mindelo,20.0,CV,78.0,16.89,-24.98,78.8,11.41,16.118384366320228,-25.288400590665674,-0.7716156336797724,-0.3084005906656735
Oranjemund,2.0,NA,92.0,-28.55,16.43,54.68,9.28,-31.48824724230758,12.909767672688417,-2.938247242307579,-3.5202323273115823
Tocopilla,0.0,CL,18.0,-22.09,-70.2,58.78,7.78,-21.85016980053291,-69.77780769976516,0.2398301994670895,0.42219230023484045
Puro,68.0,PH,69.0,13.13,123.76,86.11,1.59,18.40261386105442,118.18153789371979,5.272613861054419,-5.578462106280213
Namwala,91.0,ZM,61.0,-15.75,26.45,64.9,1.3,-16.201571011891232,25.992584474518765,-0.4515710118912324,-0.45741552548123465
Itarema,15.0,BR,79.0,-2.92,-39.92,76.06,11.48,5.968137483615607,-35.46254994937766,8.888137483615607,4.457450050622342
Burgeo,24.0,CA,77.0,47.61,-57.61,48.65,19.01,46.515414339538495,-58.30953468142428,-1.0945856604615045,-0.6995346814242822
Upernavik,0.0,GL,53.0,72.79,-56.15,31.26,8.81,89.57445442807617,-50.21852017458281,16.78445442807616,5.931479825417192
Trinidad,0.0,BO,74.0,-14.83,-64.9,74.08,4.29,-15.851925035340216,-65.41867147769392,-1.0219250353402156,-0.5186714776939141
Sa Kaeo,22.0,TH,68.0,13.8,102.09,85.76,0.49,13.857971395220574,102.52026181828393,0.05797139522057293,0.43026181828392396
Maniitsoq,94.0,GL,43.0,65.42,-52.9,36.36,8.47,63.48954156535018,-56.88673981091226,-1.9304584346498217,-3.986739810912262
Tyubuk,79.0,RU,91.0,56.05,60.94,36.0,1.99,56.090709287914905,61.11798101137671,0.04070928791490758,0.17798101137671551
Riyadh,0.0,SA,47.0,24.63,46.72,77.0,3.36,21.465554649719465,45.221941884672276,-3.164445350280534,-1.4980581153277228
Huttwil,75.0,CH,93.0,47.11,7.85,55.89,8.05,47.01856023305635,7.916749971014525,-0.09143976694365108,0.0667499710145254
Morehead,97.0,PG,51.0,-8.71,141.64,87.93,6.55,-11.916128530438655,141.18063403232287,-3.2061285304386544,-0.45936596767711535
Semnan,0.0,IR,22.0,35.58,53.39,68.0,2.24,34.974781554219206,53.3987827211796,-0.6052184457807925,0.008782721179599662
Port-Gentil,57.0,GA,86.0,-0.72,8.78,78.06,10.1,-3.530954479446649,1.3212515864958903,-2.8109544794466492,-7.458748413504109
Grimshaw,40.0,CA,63.0,56.19,-117.61,27.32,6.93,56.627043422628674,-117.53683449891355,0.4370434226286761,0.07316550108645004
Tura,59.0,RU,75.0,64.27,100.22,18.88,15.26,68.78033755541955,97.08201106761567,4.510337555419554,-3.1379889323843315
Birao,100.0,CF,92.0,10.3,22.78,69.8,5.46,11.04534776523019,22.360277423981557,0.7453477652301892,-0.41972257601844376
San Cristobal,83.0,EC,78.0,-1.02,-79.44,75.52,5.35,3.2479174324453624,-86.94440757884504,4.267917432445362,-7.504407578845047
Vancouver,90.0,CA,87.0,49.26,-123.12,43.92,6.93,48.89410061674948,-123.14438821671877,-0.36589938325051463,-0.024388216718762123
Srednekolymsk,100.0,RU,82.0,67.46,153.71,18.05,6.9,69.94874591949099,155.53036193039998,2.488745919490995,1.8203619303999687
Tipitapa,40.0,NI,88.0,12.2,-86.1,78.8,6.51,12.204124989171646,-85.86928277967351,0.004124989171646831,0.23071722032648267
Aswan,0.0,EG,30.0,24.09,32.9,84.2,6.93,23.750907763495007,31.9725798125487,-0.33909223650499243,-0.9274201874512968
Huangzhai,98.0,CN,72.0,23.86,112.01,73.45,1.2,33.34906924094139,114.69665062153405,9.48906924094139,2.686650621534042
Boca do Acre,34.0,BR,63.0,-8.76,-67.39,76.66,1.1,-9.34444040161712,-67.1841320248873,-0.5844404016171207,0.20586797511269594
Najran,40.0,SA,40.0,17.54,44.22,71.6,6.76,20.283084393906634,44.761374658330084,2.743084393906635,0.5413746583300849
